{
  "project_info": {
    "project_number": "341115158865",
    "firebase_url": "https://co225project-455c2-default-rtdb.firebaseio.com",
    "project_id": "co225project-455c2",
    "storage_bucket": "co225project-455c2.appspot.com"
  },
  "client": [
    {
      "client_info": {
        "mobilesdk_app_id": "1:341115158865:android:a6386a79880519a6a61370",
        "android_client_info": {
          "package_name": "com.example.BabyLeap"
        }
      },
      "oauth_client": [
        {
          "client_id": "341115158865-avsge4emq9jh4a83odofrk4fql33723b.apps.googleusercontent.com",
          "client_type": 3
        }
      ],
      "api_key": [
        {
          "current_key": "AIzaSyBM67M6YIiTYsHtp4zgilcJG6QX9a_7VTU"
        }
      ],
      "services": {
        "appinvite_service": {
          "other_platform_oauth_client": [
            {
              "client_id": "341115158865-avsge4emq9jh4a83odofrk4fql33723b.apps.googleusercontent.com",
              "client_type": 3
            }
          ]
        }
      }
    },
    {
      "client_info": {
        "mobilesdk_app_id": "1:341115158865:android:98561cd3f2c2c8dda61370",
        "android_client_info": {
          "package_name": "com.example.co225project"
        }
      },
      "oauth_client": [
        {
          "client_id": "341115158865-avsge4emq9jh4a83odofrk4fql33723b.apps.googleusercontent.com",
          "client_type": 3
        }
      ],
      "api_key": [
        {
          "current_key": "AIzaSyBM67M6YIiTYsHtp4zgilcJG6QX9a_7VTU"
        }
      ],
      "services": {
        "appinvite_service": {
          "other_platform_oauth_client": [
            {
              "client_id": "341115158865-avsge4emq9jh4a83odofrk4fql33723b.apps.googleusercontent.com",
              "client_type": 3
            }
          ]
        }
      }
    }
  ],
  "configuration_version": "1"
}